id_log,id_user,action_type,table_name,action_date,description
1,489,SELECT,Patients,2025-08-06,User 489 performed SELECT on Patients.
2,438,DELETE,Users,2025-05-18,User 438 performed DELETE on Users.
3,526,LOGIN,Appointments,2022-02-28,User 526 performed LOGIN on Appointments.
4,581,LOGIN,Medical_staff,2022-04-12,User 581 performed LOGIN on Medical_staff.
5,1075,INSERT,Consultations,2022-03-10,User 1075 performed INSERT on Consultations.
6,12,SELECT,Users,2024-03-31,User 12 performed SELECT on Users.
7,1108,INSERT,Appointments,2023-01-21,User 1108 performed INSERT on Appointments.
8,391,INSERT,Notifications,2024-08-21,User 391 performed INSERT on Notifications.
9,345,SELECT,Notifications,2023-08-13,User 345 performed SELECT on Notifications.
10,36,LOGOUT,Appointments,2025-12-20,User 36 performed LOGOUT on Appointments.
11,99,SELECT,Users,2022-01-06,User 99 performed SELECT on Users.
12,690,LOGIN,Patients,2025-09-04,User 690 performed LOGIN on Patients.
13,882,DELETE,Patients,2024-11-22,User 882 performed DELETE on Patients.
14,237,INSERT,Notifications,2024-07-05,User 237 performed INSERT on Notifications.
15,226,INSERT,Consultations,2024-06-23,User 226 performed INSERT on Consultations.
16,770,DELETE,Consultations,2022-02-06,User 770 performed DELETE on Consultations.
17,668,LOGIN,Medical_records,2022-02-22,User 668 performed LOGIN on Medical_records.
18,1107,SELECT,Users,2023-03-17,User 1107 performed SELECT on Users.
19,1022,DELETE,Medical_staff,2023-12-26,User 1022 performed DELETE on Medical_staff.
20,732,LOGOUT,Appointments,2025-05-01,User 732 performed LOGOUT on Appointments.
21,386,INSERT,Users,2026-02-05,User 386 performed INSERT on Users.
22,891,SELECT,Users,2023-06-09,User 891 performed SELECT on Users.
23,1157,UPDATE,Medical_staff,2024-08-04,User 1157 performed UPDATE on Medical_staff.
24,1045,INSERT,Medical_records,2026-04-24,User 1045 performed INSERT on Medical_records.
25,841,LOGIN,Consultations,2022-01-15,User 841 performed LOGIN on Consultations.
26,961,LOGOUT,Notifications,2025-12-14,User 961 performed LOGOUT on Notifications.
27,489,UPDATE,Patients,2022-06-15,User 489 performed UPDATE on Patients.
28,951,INSERT,Appointments,2022-02-16,User 951 performed INSERT on Appointments.
29,1005,LOGOUT,Consultations,2024-08-08,User 1005 performed LOGOUT on Consultations.
30,868,UPDATE,Appointments,2026-01-11,User 868 performed UPDATE on Appointments.
31,354,DELETE,Users,2024-12-23,User 354 performed DELETE on Users.
32,1115,INSERT,Consultations,2025-08-17,User 1115 performed INSERT on Consultations.
33,239,UPDATE,AI_Diagnosis,2024-08-06,User 239 performed UPDATE on AI_Diagnosis.
34,858,INSERT,Users,2022-07-15,User 858 performed INSERT on Users.
35,1118,INSERT,AI_Diagnosis,2024-10-26,User 1118 performed INSERT on AI_Diagnosis.
36,545,DELETE,Medical_records,2023-06-24,User 545 performed DELETE on Medical_records.
37,797,SELECT,Notifications,2025-12-04,User 797 performed SELECT on Notifications.
38,40,INSERT,Medical_staff,2025-09-10,User 40 performed INSERT on Medical_staff.
39,285,DELETE,AI_Diagnosis,2024-04-22,User 285 performed DELETE on AI_Diagnosis.
40,647,SELECT,Consultations,2023-01-12,User 647 performed SELECT on Consultations.
41,694,DELETE,Medical_staff,2023-12-18,User 694 performed DELETE on Medical_staff.
42,1117,DELETE,AI_Diagnosis,2025-03-09,User 1117 performed DELETE on AI_Diagnosis.
43,723,INSERT,Notifications,2022-05-11,User 723 performed INSERT on Notifications.
44,521,LOGIN,Patients,2022-05-17,User 521 performed LOGIN on Patients.
45,542,INSERT,Patients,2023-11-17,User 542 performed INSERT on Patients.
46,622,LOGOUT,Medical_staff,2023-09-30,User 622 performed LOGOUT on Medical_staff.
47,1171,SELECT,Medical_records,2025-08-22,User 1171 performed SELECT on Medical_records.
48,767,UPDATE,Consultations,2024-05-12,User 767 performed UPDATE on Consultations.
49,716,UPDATE,AI_Diagnosis,2026-05-09,User 716 performed UPDATE on AI_Diagnosis.
50,445,LOGIN,Patients,2024-07-25,User 445 performed LOGIN on Patients.
51,827,SELECT,Notifications,2024-09-22,User 827 performed SELECT on Notifications.
52,731,LOGOUT,Medical_records,2023-06-10,User 731 performed LOGOUT on Medical_records.
53,610,UPDATE,Patients,2023-05-08,User 610 performed UPDATE on Patients.
54,213,DELETE,AI_Diagnosis,2025-04-21,User 213 performed DELETE on AI_Diagnosis.
55,1012,INSERT,Notifications,2023-12-12,User 1012 performed INSERT on Notifications.
56,1142,INSERT,Consultations,2022-09-26,User 1142 performed INSERT on Consultations.
57,569,DELETE,Patients,2024-08-26,User 569 performed DELETE on Patients.
58,897,LOGIN,Appointments,2024-06-11,User 897 performed LOGIN on Appointments.
59,459,DELETE,Patients,2025-10-15,User 459 performed DELETE on Patients.
60,864,LOGOUT,Patients,2022-07-30,User 864 performed LOGOUT on Patients.
61,1165,UPDATE,Medical_records,2024-07-30,User 1165 performed UPDATE on Medical_records.
62,246,SELECT,Notifications,2022-12-17,User 246 performed SELECT on Notifications.
63,423,LOGIN,Appointments,2024-01-04,User 423 performed LOGIN on Appointments.
64,370,SELECT,Patients,2022-06-23,User 370 performed SELECT on Patients.
65,945,LOGOUT,AI_Diagnosis,2022-12-22,User 945 performed LOGOUT on AI_Diagnosis.
66,854,DELETE,Users,2024-10-31,User 854 performed DELETE on Users.
67,138,UPDATE,Medical_records,2024-06-09,User 138 performed UPDATE on Medical_records.
68,202,UPDATE,Users,2025-09-04,User 202 performed UPDATE on Users.
69,533,UPDATE,AI_Diagnosis,2022-01-12,User 533 performed UPDATE on AI_Diagnosis.
70,169,LOGOUT,Medical_records,2023-03-14,User 169 performed LOGOUT on Medical_records.
71,415,LOGOUT,Medical_records,2025-08-11,User 415 performed LOGOUT on Medical_records.
72,118,INSERT,Medical_records,2023-10-27,User 118 performed INSERT on Medical_records.
73,457,INSERT,Medical_staff,2026-01-20,User 457 performed INSERT on Medical_staff.
74,818,SELECT,Medical_staff,2022-02-04,User 818 performed SELECT on Medical_staff.
75,929,INSERT,Users,2023-03-27,User 929 performed INSERT on Users.
76,477,INSERT,Consultations,2023-11-28,User 477 performed INSERT on Consultations.
77,827,DELETE,Appointments,2023-10-26,User 827 performed DELETE on Appointments.
78,850,UPDATE,AI_Diagnosis,2023-11-27,User 850 performed UPDATE on AI_Diagnosis.
79,396,LOGOUT,Consultations,2026-05-10,User 396 performed LOGOUT on Consultations.
80,1043,DELETE,Appointments,2023-05-02,User 1043 performed DELETE on Appointments.
81,776,DELETE,Medical_records,2022-08-15,User 776 performed DELETE on Medical_records.
82,706,UPDATE,Notifications,2023-06-03,User 706 performed UPDATE on Notifications.
83,746,LOGIN,AI_Diagnosis,2026-03-20,User 746 performed LOGIN on AI_Diagnosis.
84,130,SELECT,Notifications,2023-02-02,User 130 performed SELECT on Notifications.
85,429,LOGOUT,Patients,2023-03-01,User 429 performed LOGOUT on Patients.
86,272,UPDATE,Consultations,2024-06-07,User 272 performed UPDATE on Consultations.
87,1131,LOGOUT,Patients,2024-08-13,User 1131 performed LOGOUT on Patients.
88,7,INSERT,Medical_records,2022-06-21,User 7 performed INSERT on Medical_records.
89,685,DELETE,AI_Diagnosis,2023-06-23,User 685 performed DELETE on AI_Diagnosis.
90,180,UPDATE,Users,2022-07-25,User 180 performed UPDATE on Users.
91,366,INSERT,Appointments,2025-11-19,User 366 performed INSERT on Appointments.
92,400,DELETE,Patients,2025-08-27,User 400 performed DELETE on Patients.
93,160,SELECT,Consultations,2025-04-29,User 160 performed SELECT on Consultations.
94,623,DELETE,Users,2025-07-13,User 623 performed DELETE on Users.
95,749,SELECT,Notifications,2026-02-18,User 749 performed SELECT on Notifications.
96,796,LOGIN,Notifications,2022-11-05,User 796 performed LOGIN on Notifications.
97,705,UPDATE,Notifications,2024-07-13,User 705 performed UPDATE on Notifications.
98,212,INSERT,AI_Diagnosis,2022-09-09,User 212 performed INSERT on AI_Diagnosis.
99,280,INSERT,Appointments,2023-09-17,User 280 performed INSERT on Appointments.
100,752,LOGOUT,AI_Diagnosis,2025-11-18,User 752 performed LOGOUT on AI_Diagnosis.
101,550,INSERT,AI_Diagnosis,2023-11-29,User 550 performed INSERT on AI_Diagnosis.
102,780,DELETE,Medical_records,2023-03-03,User 780 performed DELETE on Medical_records.
103,12,INSERT,Medical_records,2023-01-14,User 12 performed INSERT on Medical_records.
104,600,UPDATE,Medical_records,2023-04-19,User 600 performed UPDATE on Medical_records.
105,922,INSERT,Notifications,2024-02-28,User 922 performed INSERT on Notifications.
106,638,UPDATE,Appointments,2025-09-17,User 638 performed UPDATE on Appointments.
107,395,LOGOUT,Users,2022-06-23,User 395 performed LOGOUT on Users.
108,925,LOGOUT,Medical_records,2022-05-15,User 925 performed LOGOUT on Medical_records.
109,136,INSERT,Users,2022-10-01,User 136 performed INSERT on Users.
110,332,SELECT,Patients,2025-06-14,User 332 performed SELECT on Patients.
111,1185,UPDATE,Patients,2024-05-13,User 1185 performed UPDATE on Patients.
112,965,SELECT,Medical_staff,2022-09-15,User 965 performed SELECT on Medical_staff.
113,98,LOGOUT,Consultations,2026-01-30,User 98 performed LOGOUT on Consultations.
114,192,SELECT,Appointments,2022-06-03,User 192 performed SELECT on Appointments.
115,83,INSERT,Patients,2025-06-08,User 83 performed INSERT on Patients.
116,235,INSERT,Medical_staff,2024-03-14,User 235 performed INSERT on Medical_staff.
117,74,INSERT,Users,2023-01-16,User 74 performed INSERT on Users.
118,96,DELETE,Users,2024-03-03,User 96 performed DELETE on Users.
119,856,LOGIN,Notifications,2025-12-25,User 856 performed LOGIN on Notifications.
120,710,INSERT,Patients,2023-02-15,User 710 performed INSERT on Patients.
121,1123,LOGIN,Users,2023-03-08,User 1123 performed LOGIN on Users.
122,968,LOGOUT,Medical_records,2022-10-05,User 968 performed LOGOUT on Medical_records.
123,941,LOGOUT,Appointments,2025-03-20,User 941 performed LOGOUT on Appointments.
124,375,LOGOUT,Patients,2022-12-08,User 375 performed LOGOUT on Patients.
125,698,UPDATE,Medical_records,2023-09-22,User 698 performed UPDATE on Medical_records.
126,549,LOGIN,Patients,2024-10-04,User 549 performed LOGIN on Patients.
127,839,LOGIN,Notifications,2024-01-01,User 839 performed LOGIN on Notifications.
128,948,SELECT,Notifications,2023-10-07,User 948 performed SELECT on Notifications.
129,639,UPDATE,Users,2025-05-05,User 639 performed UPDATE on Users.
130,337,LOGIN,Consultations,2023-06-09,User 337 performed LOGIN on Consultations.
131,868,UPDATE,Consultations,2022-12-07,User 868 performed UPDATE on Consultations.
132,606,DELETE,Appointments,2023-06-15,User 606 performed DELETE on Appointments.
133,929,DELETE,Consultations,2022-06-06,User 929 performed DELETE on Consultations.
134,832,INSERT,Medical_staff,2025-10-22,User 832 performed INSERT on Medical_staff.
135,954,LOGIN,Consultations,2025-02-16,User 954 performed LOGIN on Consultations.
136,324,UPDATE,Medical_records,2023-03-14,User 324 performed UPDATE on Medical_records.
137,546,LOGOUT,Medical_staff,2025-07-23,User 546 performed LOGOUT on Medical_staff.
138,1174,DELETE,Medical_staff,2024-07-18,User 1174 performed DELETE on Medical_staff.
139,619,LOGIN,Medical_staff,2024-12-11,User 619 performed LOGIN on Medical_staff.
140,728,LOGOUT,Notifications,2025-06-22,User 728 performed LOGOUT on Notifications.
141,636,DELETE,Users,2022-06-14,User 636 performed DELETE on Users.
142,538,UPDATE,Consultations,2025-07-12,User 538 performed UPDATE on Consultations.
143,754,SELECT,Medical_records,2025-06-25,User 754 performed SELECT on Medical_records.
144,191,DELETE,Medical_records,2024-02-17,User 191 performed DELETE on Medical_records.
145,114,SELECT,Consultations,2023-03-26,User 114 performed SELECT on Consultations.
146,416,LOGIN,Consultations,2023-07-07,User 416 performed LOGIN on Consultations.
147,480,LOGIN,Medical_records,2024-06-21,User 480 performed LOGIN on Medical_records.
148,826,DELETE,Notifications,2022-08-25,User 826 performed DELETE on Notifications.
149,271,UPDATE,Users,2023-10-23,User 271 performed UPDATE on Users.
150,541,DELETE,Medical_records,2023-11-18,User 541 performed DELETE on Medical_records.
151,1170,INSERT,Appointments,2024-06-23,User 1170 performed INSERT on Appointments.
152,354,INSERT,Notifications,2024-08-17,User 354 performed INSERT on Notifications.
153,904,LOGOUT,Appointments,2022-05-04,User 904 performed LOGOUT on Appointments.
154,944,LOGIN,Patients,2023-05-09,User 944 performed LOGIN on Patients.
155,438,DELETE,Notifications,2025-02-19,User 438 performed DELETE on Notifications.
156,810,UPDATE,Patients,2026-01-03,User 810 performed UPDATE on Patients.
157,981,DELETE,Appointments,2025-02-27,User 981 performed DELETE on Appointments.
158,238,LOGIN,Consultations,2026-04-08,User 238 performed LOGIN on Consultations.
159,1193,UPDATE,Medical_records,2024-11-24,User 1193 performed UPDATE on Medical_records.
160,1156,INSERT,Appointments,2026-01-21,User 1156 performed INSERT on Appointments.
161,657,INSERT,AI_Diagnosis,2023-04-29,User 657 performed INSERT on AI_Diagnosis.
162,1025,DELETE,Users,2023-11-27,User 1025 performed DELETE on Users.
163,23,DELETE,Patients,2024-03-12,User 23 performed DELETE on Patients.
164,1044,INSERT,Users,2022-07-12,User 1044 performed INSERT on Users.
165,178,DELETE,Notifications,2022-09-30,User 178 performed DELETE on Notifications.
166,944,LOGIN,Users,2024-03-20,User 944 performed LOGIN on Users.
167,834,UPDATE,Consultations,2024-08-19,User 834 performed UPDATE on Consultations.
168,805,UPDATE,AI_Diagnosis,2026-01-05,User 805 performed UPDATE on AI_Diagnosis.
169,363,DELETE,Appointments,2024-11-01,User 363 performed DELETE on Appointments.
170,253,DELETE,Medical_staff,2024-01-13,User 253 performed DELETE on Medical_staff.
171,839,DELETE,Consultations,2025-12-23,User 839 performed DELETE on Consultations.
172,550,LOGIN,AI_Diagnosis,2023-12-04,User 550 performed LOGIN on AI_Diagnosis.
173,417,LOGOUT,Patients,2022-05-23,User 417 performed LOGOUT on Patients.
174,607,DELETE,Notifications,2026-03-16,User 607 performed DELETE on Notifications.
175,436,UPDATE,Medical_staff,2023-10-21,User 436 performed UPDATE on Medical_staff.
176,665,DELETE,Users,2022-01-07,User 665 performed DELETE on Users.
177,183,UPDATE,Medical_records,2022-10-14,User 183 performed UPDATE on Medical_records.
178,151,LOGIN,Medical_staff,2025-02-20,User 151 performed LOGIN on Medical_staff.
179,206,UPDATE,Consultations,2022-09-20,User 206 performed UPDATE on Consultations.
180,110,DELETE,Appointments,2022-04-25,User 110 performed DELETE on Appointments.
181,1134,LOGIN,Appointments,2022-02-18,User 1134 performed LOGIN on Appointments.
182,1159,LOGOUT,Medical_records,2025-08-31,User 1159 performed LOGOUT on Medical_records.
183,380,UPDATE,Patients,2022-12-04,User 380 performed UPDATE on Patients.
184,633,INSERT,AI_Diagnosis,2024-05-23,User 633 performed INSERT on AI_Diagnosis.
185,835,LOGIN,AI_Diagnosis,2022-04-04,User 835 performed LOGIN on AI_Diagnosis.
186,828,LOGIN,Appointments,2025-11-27,User 828 performed LOGIN on Appointments.
187,1122,UPDATE,Medical_records,2024-02-14,User 1122 performed UPDATE on Medical_records.
188,838,SELECT,Medical_staff,2022-05-04,User 838 performed SELECT on Medical_staff.
189,38,LOGOUT,Patients,2025-05-10,User 38 performed LOGOUT on Patients.
190,985,SELECT,Appointments,2023-11-03,User 985 performed SELECT on Appointments.
191,602,LOGIN,Notifications,2023-01-15,User 602 performed LOGIN on Notifications.
192,749,LOGOUT,Users,2025-04-25,User 749 performed LOGOUT on Users.
193,38,LOGOUT,Consultations,2022-10-17,User 38 performed LOGOUT on Consultations.
194,186,UPDATE,Users,2023-11-12,User 186 performed UPDATE on Users.
195,387,INSERT,Consultations,2022-11-28,User 387 performed INSERT on Consultations.
196,693,UPDATE,Medical_staff,2025-11-03,User 693 performed UPDATE on Medical_staff.
197,407,SELECT,Medical_staff,2024-03-07,User 407 performed SELECT on Medical_staff.
198,880,LOGIN,Appointments,2024-08-10,User 880 performed LOGIN on Appointments.
199,127,SELECT,AI_Diagnosis,2025-07-23,User 127 performed SELECT on AI_Diagnosis.
200,673,SELECT,Medical_staff,2023-08-18,User 673 performed SELECT on Medical_staff.
201,47,UPDATE,Consultations,2023-07-03,User 47 performed UPDATE on Consultations.
202,1055,UPDATE,Medical_records,2022-09-02,User 1055 performed UPDATE on Medical_records.
203,152,LOGIN,Medical_staff,2023-11-08,User 152 performed LOGIN on Medical_staff.
204,1012,UPDATE,Patients,2023-12-12,User 1012 performed UPDATE on Patients.
205,768,DELETE,Appointments,2022-11-30,User 768 performed DELETE on Appointments.
206,207,SELECT,Users,2023-12-22,User 207 performed SELECT on Users.
207,650,INSERT,Medical_records,2024-03-04,User 650 performed INSERT on Medical_records.
208,584,DELETE,Patients,2023-12-24,User 584 performed DELETE on Patients.
209,1071,UPDATE,Notifications,2022-04-21,User 1071 performed UPDATE on Notifications.
210,948,UPDATE,Medical_records,2025-02-21,User 948 performed UPDATE on Medical_records.
211,1030,DELETE,Appointments,2025-04-02,User 1030 performed DELETE on Appointments.
212,307,LOGOUT,Notifications,2024-03-05,User 307 performed LOGOUT on Notifications.
213,1036,LOGIN,Patients,2022-07-20,User 1036 performed LOGIN on Patients.
214,64,SELECT,Users,2026-04-24,User 64 performed SELECT on Users.
215,369,LOGIN,Users,2023-08-07,User 369 performed LOGIN on Users.
216,639,LOGOUT,Appointments,2022-03-07,User 639 performed LOGOUT on Appointments.
217,644,UPDATE,Appointments,2026-03-10,User 644 performed UPDATE on Appointments.
218,871,INSERT,Medical_staff,2026-04-17,User 871 performed INSERT on Medical_staff.
219,196,SELECT,Appointments,2025-08-29,User 196 performed SELECT on Appointments.
220,912,INSERT,AI_Diagnosis,2025-07-30,User 912 performed INSERT on AI_Diagnosis.
221,332,SELECT,Medical_staff,2025-12-15,User 332 performed SELECT on Medical_staff.
222,286,INSERT,Patients,2025-09-11,User 286 performed INSERT on Patients.
223,716,INSERT,Medical_records,2025-08-23,User 716 performed INSERT on Medical_records.
224,602,INSERT,AI_Diagnosis,2025-03-13,User 602 performed INSERT on AI_Diagnosis.
225,465,LOGIN,AI_Diagnosis,2024-08-28,User 465 performed LOGIN on AI_Diagnosis.
226,1149,LOGIN,Consultations,2022-04-07,User 1149 performed LOGIN on Consultations.
227,538,LOGIN,Users,2025-04-14,User 538 performed LOGIN on Users.
228,206,DELETE,Patients,2026-02-26,User 206 performed DELETE on Patients.
229,735,DELETE,Medical_records,2023-08-30,User 735 performed DELETE on Medical_records.
230,1139,SELECT,Medical_staff,2025-07-20,User 1139 performed SELECT on Medical_staff.
231,91,DELETE,Consultations,2026-04-22,User 91 performed DELETE on Consultations.
232,630,SELECT,Consultations,2023-06-18,User 630 performed SELECT on Consultations.
233,13,LOGOUT,AI_Diagnosis,2024-09-26,User 13 performed LOGOUT on AI_Diagnosis.
234,1181,DELETE,Consultations,2023-10-25,User 1181 performed DELETE on Consultations.
235,821,LOGIN,Medical_records,2022-10-02,User 821 performed LOGIN on Medical_records.
236,235,LOGOUT,Appointments,2024-07-23,User 235 performed LOGOUT on Appointments.
237,1193,INSERT,Consultations,2024-03-26,User 1193 performed INSERT on Consultations.
238,1136,LOGIN,Medical_staff,2025-10-12,User 1136 performed LOGIN on Medical_staff.
239,29,DELETE,AI_Diagnosis,2024-04-06,User 29 performed DELETE on AI_Diagnosis.
240,483,UPDATE,Patients,2025-06-30,User 483 performed UPDATE on Patients.
241,1192,DELETE,AI_Diagnosis,2026-05-06,User 1192 performed DELETE on AI_Diagnosis.
242,205,DELETE,Consultations,2023-10-06,User 205 performed DELETE on Consultations.
243,1181,UPDATE,Medical_staff,2022-10-11,User 1181 performed UPDATE on Medical_staff.
244,957,SELECT,AI_Diagnosis,2024-07-24,User 957 performed SELECT on AI_Diagnosis.
245,570,INSERT,Notifications,2023-11-20,User 570 performed INSERT on Notifications.
246,496,SELECT,Medical_staff,2024-04-15,User 496 performed SELECT on Medical_staff.
247,769,SELECT,Users,2024-05-08,User 769 performed SELECT on Users.
248,422,LOGOUT,AI_Diagnosis,2022-07-27,User 422 performed LOGOUT on AI_Diagnosis.
249,774,DELETE,Appointments,2024-03-24,User 774 performed DELETE on Appointments.
250,140,LOGOUT,Consultations,2022-07-13,User 140 performed LOGOUT on Consultations.
251,830,LOGIN,Users,2025-04-18,User 830 performed LOGIN on Users.
252,761,UPDATE,Medical_staff,2022-05-26,User 761 performed UPDATE on Medical_staff.
253,1013,INSERT,Notifications,2024-12-05,User 1013 performed INSERT on Notifications.
254,1012,DELETE,AI_Diagnosis,2025-01-26,User 1012 performed DELETE on AI_Diagnosis.
255,336,DELETE,Notifications,2025-07-30,User 336 performed DELETE on Notifications.
256,508,DELETE,Appointments,2022-12-21,User 508 performed DELETE on Appointments.
257,665,INSERT,Patients,2022-09-09,User 665 performed INSERT on Patients.
258,168,INSERT,Medical_records,2025-09-09,User 168 performed INSERT on Medical_records.
259,1141,LOGIN,Appointments,2025-11-21,User 1141 performed LOGIN on Appointments.
260,241,DELETE,Consultations,2023-07-07,User 241 performed DELETE on Consultations.
261,157,INSERT,Consultations,2022-07-03,User 157 performed INSERT on Consultations.
262,265,INSERT,Consultations,2025-08-17,User 265 performed INSERT on Consultations.
263,929,DELETE,AI_Diagnosis,2023-06-13,User 929 performed DELETE on AI_Diagnosis.
264,1148,INSERT,Users,2025-11-07,User 1148 performed INSERT on Users.
265,973,LOGIN,Notifications,2022-07-17,User 973 performed LOGIN on Notifications.
266,562,UPDATE,Appointments,2024-10-22,User 562 performed UPDATE on Appointments.
267,116,UPDATE,Consultations,2022-12-20,User 116 performed UPDATE on Consultations.
268,528,DELETE,Medical_records,2023-06-22,User 528 performed DELETE on Medical_records.
269,979,LOGOUT,Patients,2024-11-08,User 979 performed LOGOUT on Patients.
270,52,LOGOUT,AI_Diagnosis,2022-03-30,User 52 performed LOGOUT on AI_Diagnosis.
271,1198,UPDATE,AI_Diagnosis,2024-11-25,User 1198 performed UPDATE on AI_Diagnosis.
272,744,SELECT,Medical_staff,2026-02-08,User 744 performed SELECT on Medical_staff.
273,396,SELECT,Medical_staff,2022-12-02,User 396 performed SELECT on Medical_staff.
274,676,DELETE,Medical_records,2025-10-18,User 676 performed DELETE on Medical_records.
275,635,LOGOUT,AI_Diagnosis,2022-05-05,User 635 performed LOGOUT on AI_Diagnosis.
276,353,SELECT,Consultations,2025-07-12,User 353 performed SELECT on Consultations.
277,653,LOGOUT,Medical_staff,2024-03-27,User 653 performed LOGOUT on Medical_staff.
278,831,SELECT,Medical_records,2022-01-04,User 831 performed SELECT on Medical_records.
279,991,LOGOUT,Medical_records,2025-03-16,User 991 performed LOGOUT on Medical_records.
280,941,UPDATE,Medical_records,2026-03-24,User 941 performed UPDATE on Medical_records.
281,483,LOGOUT,Consultations,2026-01-14,User 483 performed LOGOUT on Consultations.
282,1072,LOGOUT,AI_Diagnosis,2022-02-22,User 1072 performed LOGOUT on AI_Diagnosis.
283,1042,SELECT,Appointments,2023-03-03,User 1042 performed SELECT on Appointments.
284,620,LOGOUT,Medical_staff,2023-12-19,User 620 performed LOGOUT on Medical_staff.
285,473,LOGIN,AI_Diagnosis,2024-01-08,User 473 performed LOGIN on AI_Diagnosis.
286,96,LOGIN,Medical_records,2025-03-12,User 96 performed LOGIN on Medical_records.
287,42,LOGOUT,Appointments,2024-11-17,User 42 performed LOGOUT on Appointments.
288,660,SELECT,Patients,2022-10-11,User 660 performed SELECT on Patients.
289,1141,DELETE,Medical_staff,2022-01-04,User 1141 performed DELETE on Medical_staff.
290,315,SELECT,Appointments,2024-05-09,User 315 performed SELECT on Appointments.
291,271,LOGOUT,Notifications,2025-02-04,User 271 performed LOGOUT on Notifications.
292,566,LOGIN,Medical_staff,2022-08-11,User 566 performed LOGIN on Medical_staff.
293,601,SELECT,Patients,2023-06-25,User 601 performed SELECT on Patients.
294,587,SELECT,Users,2022-06-17,User 587 performed SELECT on Users.
295,710,UPDATE,AI_Diagnosis,2025-07-20,User 710 performed UPDATE on AI_Diagnosis.
296,342,SELECT,Patients,2026-04-05,User 342 performed SELECT on Patients.
297,884,INSERT,Medical_records,2023-05-26,User 884 performed INSERT on Medical_records.
298,1060,UPDATE,Patients,2025-10-30,User 1060 performed UPDATE on Patients.
299,34,INSERT,Medical_records,2025-05-01,User 34 performed INSERT on Medical_records.
300,968,LOGIN,Patients,2024-05-12,User 968 performed LOGIN on Patients.
301,987,LOGOUT,Medical_records,2025-07-05,User 987 performed LOGOUT on Medical_records.
302,550,SELECT,Users,2025-07-17,User 550 performed SELECT on Users.
303,643,UPDATE,Patients,2025-06-02,User 643 performed UPDATE on Patients.
304,302,UPDATE,Medical_records,2022-12-15,User 302 performed UPDATE on Medical_records.
305,248,UPDATE,Consultations,2024-03-27,User 248 performed UPDATE on Consultations.
306,43,UPDATE,Users,2025-01-03,User 43 performed UPDATE on Users.
307,445,UPDATE,Medical_records,2023-04-12,User 445 performed UPDATE on Medical_records.
308,341,SELECT,Medical_records,2023-04-07,User 341 performed SELECT on Medical_records.
309,625,DELETE,Medical_records,2023-07-03,User 625 performed DELETE on Medical_records.
310,147,SELECT,Patients,2024-11-22,User 147 performed SELECT on Patients.
311,439,LOGIN,Consultations,2023-06-05,User 439 performed LOGIN on Consultations.
312,1113,LOGIN,Medical_staff,2025-01-14,User 1113 performed LOGIN on Medical_staff.
313,342,LOGOUT,Medical_records,2023-03-16,User 342 performed LOGOUT on Medical_records.
314,393,UPDATE,Medical_records,2024-10-25,User 393 performed UPDATE on Medical_records.
315,617,SELECT,Notifications,2022-09-02,User 617 performed SELECT on Notifications.
316,1196,LOGIN,AI_Diagnosis,2022-06-16,User 1196 performed LOGIN on AI_Diagnosis.
317,93,LOGIN,Consultations,2026-04-18,User 93 performed LOGIN on Consultations.
318,1043,SELECT,Appointments,2022-10-28,User 1043 performed SELECT on Appointments.
319,228,UPDATE,Appointments,2024-07-02,User 228 performed UPDATE on Appointments.
320,652,LOGOUT,Medical_records,2022-06-15,User 652 performed LOGOUT on Medical_records.
321,533,DELETE,Users,2023-09-11,User 533 performed DELETE on Users.
322,528,SELECT,Medical_records,2022-11-13,User 528 performed SELECT on Medical_records.
323,980,INSERT,Patients,2023-06-25,User 980 performed INSERT on Patients.
324,1057,LOGIN,AI_Diagnosis,2023-06-24,User 1057 performed LOGIN on AI_Diagnosis.
325,521,UPDATE,Medical_records,2025-09-08,User 521 performed UPDATE on Medical_records.
326,703,LOGIN,AI_Diagnosis,2023-02-15,User 703 performed LOGIN on AI_Diagnosis.
327,66,UPDATE,AI_Diagnosis,2023-06-03,User 66 performed UPDATE on AI_Diagnosis.
328,1055,DELETE,Patients,2024-12-10,User 1055 performed DELETE on Patients.
329,435,SELECT,Medical_staff,2023-04-01,User 435 performed SELECT on Medical_staff.
330,298,LOGOUT,Patients,2026-03-20,User 298 performed LOGOUT on Patients.
331,107,SELECT,Patients,2025-08-20,User 107 performed SELECT on Patients.
332,1128,UPDATE,Patients,2025-08-01,User 1128 performed UPDATE on Patients.
333,932,SELECT,Appointments,2024-06-09,User 932 performed SELECT on Appointments.
334,782,SELECT,Users,2024-11-05,User 782 performed SELECT on Users.
335,729,LOGIN,AI_Diagnosis,2024-09-23,User 729 performed LOGIN on AI_Diagnosis.
336,192,LOGOUT,Users,2024-08-16,User 192 performed LOGOUT on Users.
337,480,UPDATE,Appointments,2023-11-12,User 480 performed UPDATE on Appointments.
338,456,LOGIN,Appointments,2024-10-18,User 456 performed LOGIN on Appointments.
339,77,UPDATE,Appointments,2024-12-29,User 77 performed UPDATE on Appointments.
340,597,LOGOUT,Patients,2023-10-31,User 597 performed LOGOUT on Patients.
341,895,LOGIN,Medical_staff,2025-10-22,User 895 performed LOGIN on Medical_staff.
342,940,SELECT,Consultations,2025-06-07,User 940 performed SELECT on Consultations.
343,346,SELECT,Consultations,2022-11-11,User 346 performed SELECT on Consultations.
344,90,SELECT,Notifications,2022-11-13,User 90 performed SELECT on Notifications.
345,574,LOGIN,Patients,2025-03-22,User 574 performed LOGIN on Patients.
346,724,UPDATE,Medical_records,2023-06-21,User 724 performed UPDATE on Medical_records.
347,273,SELECT,Users,2024-05-23,User 273 performed SELECT on Users.
348,238,SELECT,Appointments,2024-07-03,User 238 performed SELECT on Appointments.
349,310,INSERT,Consultations,2024-09-01,User 310 performed INSERT on Consultations.
350,47,INSERT,Consultations,2024-07-02,User 47 performed INSERT on Consultations.
351,658,LOGOUT,Users,2023-11-13,User 658 performed LOGOUT on Users.
352,802,SELECT,AI_Diagnosis,2023-08-26,User 802 performed SELECT on AI_Diagnosis.
353,983,UPDATE,Users,2022-08-18,User 983 performed UPDATE on Users.
354,89,SELECT,AI_Diagnosis,2026-01-05,User 89 performed SELECT on AI_Diagnosis.
355,622,DELETE,Medical_staff,2025-11-17,User 622 performed DELETE on Medical_staff.
356,1041,LOGIN,Patients,2025-12-23,User 1041 performed LOGIN on Patients.
357,1006,INSERT,Notifications,2024-09-26,User 1006 performed INSERT on Notifications.
358,1007,LOGIN,Patients,2023-04-27,User 1007 performed LOGIN on Patients.
359,38,UPDATE,Medical_staff,2026-03-19,User 38 performed UPDATE on Medical_staff.
360,1179,UPDATE,Appointments,2025-10-13,User 1179 performed UPDATE on Appointments.
361,4,INSERT,Appointments,2023-04-05,User 4 performed INSERT on Appointments.
362,620,INSERT,AI_Diagnosis,2022-09-04,User 620 performed INSERT on AI_Diagnosis.
363,656,LOGOUT,Users,2025-11-03,User 656 performed LOGOUT on Users.
364,38,UPDATE,Appointments,2022-04-23,User 38 performed UPDATE on Appointments.
365,471,LOGIN,Patients,2023-01-25,User 471 performed LOGIN on Patients.
366,757,DELETE,Appointments,2022-08-04,User 757 performed DELETE on Appointments.
367,511,SELECT,Appointments,2022-08-12,User 511 performed SELECT on Appointments.
368,310,LOGOUT,Users,2025-11-23,User 310 performed LOGOUT on Users.
369,60,DELETE,Consultations,2026-04-29,User 60 performed DELETE on Consultations.
370,1109,SELECT,Users,2025-03-03,User 1109 performed SELECT on Users.
371,1160,SELECT,Appointments,2022-10-10,User 1160 performed SELECT on Appointments.
372,364,LOGOUT,Medical_records,2024-09-12,User 364 performed LOGOUT on Medical_records.
373,1076,INSERT,Medical_records,2024-12-04,User 1076 performed INSERT on Medical_records.
374,482,LOGOUT,Notifications,2023-03-08,User 482 performed LOGOUT on Notifications.
375,1184,INSERT,Patients,2024-05-09,User 1184 performed INSERT on Patients.
376,366,INSERT,Medical_staff,2024-05-28,User 366 performed INSERT on Medical_staff.
377,943,LOGIN,Notifications,2023-02-07,User 943 performed LOGIN on Notifications.
378,83,UPDATE,Consultations,2024-03-04,User 83 performed UPDATE on Consultations.
379,1186,INSERT,Medical_staff,2025-01-21,User 1186 performed INSERT on Medical_staff.
380,805,SELECT,Patients,2024-08-15,User 805 performed SELECT on Patients.
381,778,LOGOUT,Notifications,2023-06-10,User 778 performed LOGOUT on Notifications.
382,559,DELETE,Consultations,2022-09-03,User 559 performed DELETE on Consultations.
383,1118,DELETE,Consultations,2022-03-28,User 1118 performed DELETE on Consultations.
384,217,DELETE,Medical_staff,2025-10-01,User 217 performed DELETE on Medical_staff.
385,341,SELECT,Medical_records,2023-10-24,User 341 performed SELECT on Medical_records.
386,685,SELECT,Appointments,2022-01-31,User 685 performed SELECT on Appointments.
387,210,LOGIN,Patients,2024-12-12,User 210 performed LOGIN on Patients.
388,1013,UPDATE,Users,2024-10-27,User 1013 performed UPDATE on Users.
389,618,UPDATE,Appointments,2022-02-03,User 618 performed UPDATE on Appointments.
390,269,UPDATE,AI_Diagnosis,2023-01-04,User 269 performed UPDATE on AI_Diagnosis.
391,993,LOGOUT,Users,2022-11-21,User 993 performed LOGOUT on Users.
392,235,LOGOUT,Users,2022-12-11,User 235 performed LOGOUT on Users.
393,998,LOGOUT,Medical_records,2023-05-10,User 998 performed LOGOUT on Medical_records.
394,142,INSERT,Medical_staff,2023-03-30,User 142 performed INSERT on Medical_staff.
395,589,INSERT,Notifications,2024-02-25,User 589 performed INSERT on Notifications.
396,479,LOGIN,Medical_records,2024-05-05,User 479 performed LOGIN on Medical_records.
397,947,SELECT,Users,2025-04-08,User 947 performed SELECT on Users.
398,900,UPDATE,AI_Diagnosis,2024-06-21,User 900 performed UPDATE on AI_Diagnosis.
399,955,INSERT,Medical_staff,2024-04-14,User 955 performed INSERT on Medical_staff.
400,55,DELETE,Appointments,2025-12-09,User 55 performed DELETE on Appointments.
401,617,SELECT,Users,2025-07-31,User 617 performed SELECT on Users.
402,902,DELETE,Patients,2025-06-10,User 902 performed DELETE on Patients.
403,781,LOGIN,Appointments,2023-06-16,User 781 performed LOGIN on Appointments.
404,1094,SELECT,AI_Diagnosis,2022-07-12,User 1094 performed SELECT on AI_Diagnosis.
405,875,LOGOUT,Medical_staff,2026-03-30,User 875 performed LOGOUT on Medical_staff.
406,821,UPDATE,Medical_records,2025-03-02,User 821 performed UPDATE on Medical_records.
407,192,SELECT,AI_Diagnosis,2026-03-20,User 192 performed SELECT on AI_Diagnosis.
408,396,SELECT,Patients,2023-10-29,User 396 performed SELECT on Patients.
409,495,LOGIN,Patients,2025-01-18,User 495 performed LOGIN on Patients.
410,132,INSERT,Patients,2022-02-17,User 132 performed INSERT on Patients.
411,66,SELECT,AI_Diagnosis,2025-01-11,User 66 performed SELECT on AI_Diagnosis.
412,485,INSERT,Medical_records,2026-02-09,User 485 performed INSERT on Medical_records.
413,837,UPDATE,AI_Diagnosis,2025-08-02,User 837 performed UPDATE on AI_Diagnosis.
414,513,INSERT,AI_Diagnosis,2025-10-22,User 513 performed INSERT on AI_Diagnosis.
415,98,UPDATE,Medical_records,2023-01-16,User 98 performed UPDATE on Medical_records.
416,651,INSERT,Consultations,2025-07-02,User 651 performed INSERT on Consultations.
417,408,UPDATE,Medical_records,2022-11-26,User 408 performed UPDATE on Medical_records.
418,973,DELETE,Medical_staff,2024-01-27,User 973 performed DELETE on Medical_staff.
419,543,LOGOUT,Users,2026-01-27,User 543 performed LOGOUT on Users.
420,581,DELETE,AI_Diagnosis,2022-11-25,User 581 performed DELETE on AI_Diagnosis.
421,909,LOGIN,AI_Diagnosis,2025-12-23,User 909 performed LOGIN on AI_Diagnosis.
422,358,DELETE,Medical_staff,2024-06-15,User 358 performed DELETE on Medical_staff.
423,942,INSERT,AI_Diagnosis,2023-10-01,User 942 performed INSERT on AI_Diagnosis.
424,49,SELECT,Notifications,2025-02-16,User 49 performed SELECT on Notifications.
425,794,SELECT,Medical_staff,2022-09-15,User 794 performed SELECT on Medical_staff.
426,12,LOGOUT,Notifications,2022-09-05,User 12 performed LOGOUT on Notifications.
427,448,SELECT,Notifications,2025-06-01,User 448 performed SELECT on Notifications.
428,1090,UPDATE,Appointments,2024-07-16,User 1090 performed UPDATE on Appointments.
429,770,INSERT,Medical_records,2023-10-12,User 770 performed INSERT on Medical_records.
430,419,INSERT,AI_Diagnosis,2024-11-26,User 419 performed INSERT on AI_Diagnosis.
431,1012,LOGIN,Patients,2025-05-14,User 1012 performed LOGIN on Patients.
432,144,UPDATE,Consultations,2022-12-27,User 144 performed UPDATE on Consultations.
433,169,UPDATE,Notifications,2023-03-21,User 169 performed UPDATE on Notifications.
434,648,LOGOUT,Consultations,2024-01-19,User 648 performed LOGOUT on Consultations.
435,890,SELECT,Consultations,2022-03-10,User 890 performed SELECT on Consultations.
436,355,SELECT,Medical_records,2022-12-16,User 355 performed SELECT on Medical_records.
437,665,LOGOUT,Consultations,2025-05-29,User 665 performed LOGOUT on Consultations.
438,410,UPDATE,Users,2024-05-08,User 410 performed UPDATE on Users.
439,268,LOGIN,Medical_staff,2023-08-19,User 268 performed LOGIN on Medical_staff.
440,471,SELECT,Medical_records,2025-01-13,User 471 performed SELECT on Medical_records.
441,377,LOGIN,Medical_staff,2022-02-27,User 377 performed LOGIN on Medical_staff.
442,204,UPDATE,Users,2025-11-28,User 204 performed UPDATE on Users.
443,272,INSERT,Patients,2023-06-28,User 272 performed INSERT on Patients.
444,503,UPDATE,Patients,2025-02-26,User 503 performed UPDATE on Patients.
445,143,LOGIN,Medical_records,2024-10-21,User 143 performed LOGIN on Medical_records.
446,242,UPDATE,Medical_staff,2024-09-13,User 242 performed UPDATE on Medical_staff.
447,814,LOGOUT,Notifications,2024-06-01,User 814 performed LOGOUT on Notifications.
448,956,LOGIN,Appointments,2022-02-23,User 956 performed LOGIN on Appointments.
449,395,INSERT,AI_Diagnosis,2022-12-14,User 395 performed INSERT on AI_Diagnosis.
450,546,INSERT,Appointments,2024-08-31,User 546 performed INSERT on Appointments.
451,718,INSERT,Appointments,2024-09-24,User 718 performed INSERT on Appointments.
452,852,LOGOUT,Medical_staff,2024-12-22,User 852 performed LOGOUT on Medical_staff.
453,231,DELETE,Consultations,2025-12-31,User 231 performed DELETE on Consultations.
454,780,SELECT,Consultations,2025-02-13,User 780 performed SELECT on Consultations.
455,596,DELETE,Consultations,2025-07-01,User 596 performed DELETE on Consultations.
456,315,INSERT,Medical_staff,2025-06-26,User 315 performed INSERT on Medical_staff.
457,874,DELETE,Appointments,2024-11-16,User 874 performed DELETE on Appointments.
458,689,INSERT,Medical_staff,2022-03-22,User 689 performed INSERT on Medical_staff.
459,765,SELECT,Medical_staff,2026-03-24,User 765 performed SELECT on Medical_staff.
460,711,LOGOUT,Appointments,2025-11-22,User 711 performed LOGOUT on Appointments.
461,517,INSERT,Consultations,2022-04-07,User 517 performed INSERT on Consultations.
462,946,DELETE,Medical_records,2025-01-28,User 946 performed DELETE on Medical_records.
463,928,LOGOUT,AI_Diagnosis,2022-12-04,User 928 performed LOGOUT on AI_Diagnosis.
464,286,DELETE,AI_Diagnosis,2026-02-01,User 286 performed DELETE on AI_Diagnosis.
465,658,INSERT,Medical_records,2022-12-24,User 658 performed INSERT on Medical_records.
466,689,LOGIN,Appointments,2026-01-10,User 689 performed LOGIN on Appointments.
467,241,LOGOUT,Medical_records,2026-04-17,User 241 performed LOGOUT on Medical_records.
468,379,SELECT,Medical_records,2024-02-03,User 379 performed SELECT on Medical_records.
469,552,DELETE,Users,2023-10-07,User 552 performed DELETE on Users.
470,25,UPDATE,Patients,2024-07-16,User 25 performed UPDATE on Patients.
471,1181,DELETE,Medical_records,2023-11-08,User 1181 performed DELETE on Medical_records.
472,515,SELECT,AI_Diagnosis,2024-06-20,User 515 performed SELECT on AI_Diagnosis.
473,305,UPDATE,Notifications,2024-06-23,User 305 performed UPDATE on Notifications.
474,994,LOGIN,Appointments,2025-02-28,User 994 performed LOGIN on Appointments.
475,23,SELECT,Users,2022-06-14,User 23 performed SELECT on Users.
476,834,UPDATE,Patients,2024-03-31,User 834 performed UPDATE on Patients.
477,873,UPDATE,Notifications,2026-03-26,User 873 performed UPDATE on Notifications.
478,989,LOGIN,Medical_staff,2022-01-27,User 989 performed LOGIN on Medical_staff.
479,1185,INSERT,AI_Diagnosis,2023-03-04,User 1185 performed INSERT on AI_Diagnosis.
480,956,LOGOUT,Medical_records,2022-12-14,User 956 performed LOGOUT on Medical_records.
481,229,SELECT,Notifications,2023-07-16,User 229 performed SELECT on Notifications.
482,1092,INSERT,Appointments,2024-03-30,User 1092 performed INSERT on Appointments.
483,142,DELETE,Users,2023-09-14,User 142 performed DELETE on Users.
484,514,INSERT,Medical_records,2025-05-03,User 514 performed INSERT on Medical_records.
485,164,LOGIN,Users,2024-02-23,User 164 performed LOGIN on Users.
486,682,INSERT,Users,2026-03-11,User 682 performed INSERT on Users.
487,1071,DELETE,Medical_staff,2022-05-26,User 1071 performed DELETE on Medical_staff.
488,556,LOGIN,Medical_records,2022-09-17,User 556 performed LOGIN on Medical_records.
489,1102,UPDATE,Users,2025-12-31,User 1102 performed UPDATE on Users.
490,823,INSERT,Medical_records,2022-10-04,User 823 performed INSERT on Medical_records.
491,480,DELETE,Consultations,2022-06-17,User 480 performed DELETE on Consultations.
492,999,DELETE,Notifications,2023-01-23,User 999 performed DELETE on Notifications.
493,851,LOGIN,Appointments,2025-01-11,User 851 performed LOGIN on Appointments.
494,95,DELETE,Medical_staff,2024-03-13,User 95 performed DELETE on Medical_staff.
495,69,SELECT,Patients,2025-09-15,User 69 performed SELECT on Patients.
496,539,UPDATE,Users,2025-10-05,User 539 performed UPDATE on Users.
497,215,SELECT,Users,2025-05-26,User 215 performed SELECT on Users.
498,393,INSERT,AI_Diagnosis,2022-11-25,User 393 performed INSERT on AI_Diagnosis.
499,865,INSERT,Patients,2025-01-13,User 865 performed INSERT on Patients.
500,539,DELETE,Notifications,2023-02-16,User 539 performed DELETE on Notifications.
501,157,DELETE,AI_Diagnosis,2025-10-29,User 157 performed DELETE on AI_Diagnosis.
502,814,INSERT,Medical_records,2024-05-13,User 814 performed INSERT on Medical_records.
503,688,INSERT,AI_Diagnosis,2024-01-08,User 688 performed INSERT on AI_Diagnosis.
504,687,LOGIN,Users,2023-02-03,User 687 performed LOGIN on Users.
505,969,LOGIN,AI_Diagnosis,2025-01-08,User 969 performed LOGIN on AI_Diagnosis.
506,1048,INSERT,Notifications,2025-12-27,User 1048 performed INSERT on Notifications.
507,859,LOGIN,Patients,2025-07-01,User 859 performed LOGIN on Patients.
508,829,DELETE,Consultations,2022-08-03,User 829 performed DELETE on Consultations.
509,1177,LOGIN,AI_Diagnosis,2023-08-09,User 1177 performed LOGIN on AI_Diagnosis.
510,621,LOGOUT,AI_Diagnosis,2023-02-02,User 621 performed LOGOUT on AI_Diagnosis.
511,371,INSERT,AI_Diagnosis,2025-08-04,User 371 performed INSERT on AI_Diagnosis.
512,927,LOGIN,Users,2023-08-24,User 927 performed LOGIN on Users.
513,652,SELECT,Medical_staff,2024-09-03,User 652 performed SELECT on Medical_staff.
514,947,INSERT,Notifications,2022-03-23,User 947 performed INSERT on Notifications.
515,1067,LOGOUT,Users,2026-02-19,User 1067 performed LOGOUT on Users.
516,695,LOGIN,Appointments,2023-10-02,User 695 performed LOGIN on Appointments.
517,1107,DELETE,Notifications,2023-08-04,User 1107 performed DELETE on Notifications.
518,475,UPDATE,AI_Diagnosis,2025-12-16,User 475 performed UPDATE on AI_Diagnosis.
519,748,DELETE,Consultations,2022-05-26,User 748 performed DELETE on Consultations.
520,659,SELECT,Users,2022-11-04,User 659 performed SELECT on Users.
521,969,SELECT,Patients,2022-06-22,User 969 performed SELECT on Patients.
522,706,SELECT,Medical_records,2024-03-09,User 706 performed SELECT on Medical_records.
523,822,LOGIN,Consultations,2025-01-10,User 822 performed LOGIN on Consultations.
524,117,DELETE,Medical_records,2024-07-11,User 117 performed DELETE on Medical_records.
525,307,INSERT,Patients,2025-02-17,User 307 performed INSERT on Patients.
526,668,DELETE,Notifications,2023-05-03,User 668 performed DELETE on Notifications.
527,209,SELECT,Medical_staff,2025-12-31,User 209 performed SELECT on Medical_staff.
528,838,INSERT,Notifications,2025-11-06,User 838 performed INSERT on Notifications.
529,823,LOGOUT,Medical_staff,2025-03-01,User 823 performed LOGOUT on Medical_staff.
530,412,UPDATE,Appointments,2024-09-19,User 412 performed UPDATE on Appointments.
531,686,DELETE,Appointments,2024-11-21,User 686 performed DELETE on Appointments.
532,1067,UPDATE,Appointments,2023-04-10,User 1067 performed UPDATE on Appointments.
533,183,DELETE,Appointments,2025-08-25,User 183 performed DELETE on Appointments.
534,317,DELETE,Medical_staff,2024-11-12,User 317 performed DELETE on Medical_staff.
535,665,LOGIN,Medical_records,2024-10-24,User 665 performed LOGIN on Medical_records.
536,357,LOGOUT,Patients,2024-03-17,User 357 performed LOGOUT on Patients.
537,880,SELECT,Users,2023-03-02,User 880 performed SELECT on Users.
538,530,SELECT,AI_Diagnosis,2025-11-30,User 530 performed SELECT on AI_Diagnosis.
539,180,INSERT,Patients,2022-02-13,User 180 performed INSERT on Patients.
540,311,LOGIN,Consultations,2022-01-01,User 311 performed LOGIN on Consultations.
541,81,INSERT,Appointments,2022-12-10,User 81 performed INSERT on Appointments.
542,857,SELECT,Notifications,2022-07-04,User 857 performed SELECT on Notifications.
543,956,LOGIN,Patients,2024-11-06,User 956 performed LOGIN on Patients.
544,1048,SELECT,Medical_staff,2023-09-24,User 1048 performed SELECT on Medical_staff.
545,1189,INSERT,Notifications,2022-10-22,User 1189 performed INSERT on Notifications.
546,1013,LOGOUT,AI_Diagnosis,2024-04-27,User 1013 performed LOGOUT on AI_Diagnosis.
547,708,INSERT,Medical_records,2026-02-08,User 708 performed INSERT on Medical_records.
548,605,UPDATE,Users,2022-05-08,User 605 performed UPDATE on Users.
549,175,UPDATE,Medical_records,2025-03-21,User 175 performed UPDATE on Medical_records.
550,239,DELETE,Appointments,2024-01-25,User 239 performed DELETE on Appointments.
551,416,SELECT,Users,2025-04-14,User 416 performed SELECT on Users.
552,321,SELECT,Consultations,2025-04-28,User 321 performed SELECT on Consultations.
553,951,SELECT,Notifications,2022-08-27,User 951 performed SELECT on Notifications.
554,770,UPDATE,Medical_staff,2022-10-07,User 770 performed UPDATE on Medical_staff.
555,389,UPDATE,Patients,2022-08-13,User 389 performed UPDATE on Patients.
556,100,SELECT,Patients,2022-08-25,User 100 performed SELECT on Patients.
557,899,SELECT,Medical_staff,2023-09-24,User 899 performed SELECT on Medical_staff.
558,812,INSERT,Appointments,2023-08-30,User 812 performed INSERT on Appointments.
559,1146,SELECT,Medical_staff,2025-03-22,User 1146 performed SELECT on Medical_staff.
560,240,SELECT,Users,2022-01-20,User 240 performed SELECT on Users.
561,934,LOGIN,Appointments,2022-07-14,User 934 performed LOGIN on Appointments.
562,271,UPDATE,Appointments,2022-08-25,User 271 performed UPDATE on Appointments.
563,654,LOGOUT,Appointments,2023-07-13,User 654 performed LOGOUT on Appointments.
564,1022,SELECT,Medical_records,2022-07-31,User 1022 performed SELECT on Medical_records.
565,1004,DELETE,Consultations,2025-07-31,User 1004 performed DELETE on Consultations.
566,62,LOGOUT,Appointments,2024-07-15,User 62 performed LOGOUT on Appointments.
567,714,INSERT,Medical_staff,2022-08-07,User 714 performed INSERT on Medical_staff.
568,778,DELETE,Notifications,2025-11-23,User 778 performed DELETE on Notifications.
569,788,LOGIN,Medical_records,2023-01-24,User 788 performed LOGIN on Medical_records.
570,930,LOGOUT,Appointments,2025-08-19,User 930 performed LOGOUT on Appointments.
571,268,SELECT,Notifications,2022-03-07,User 268 performed SELECT on Notifications.
572,327,LOGIN,Medical_staff,2025-11-25,User 327 performed LOGIN on Medical_staff.
573,847,UPDATE,Users,2024-01-21,User 847 performed UPDATE on Users.
574,729,LOGOUT,Patients,2022-05-20,User 729 performed LOGOUT on Patients.
575,290,INSERT,Consultations,2023-06-22,User 290 performed INSERT on Consultations.
576,713,UPDATE,Users,2023-01-27,User 713 performed UPDATE on Users.
577,690,LOGIN,Users,2023-04-30,User 690 performed LOGIN on Users.
578,16,INSERT,Notifications,2024-01-18,User 16 performed INSERT on Notifications.
579,557,LOGIN,AI_Diagnosis,2022-04-29,User 557 performed LOGIN on AI_Diagnosis.
580,690,LOGIN,Medical_staff,2023-06-09,User 690 performed LOGIN on Medical_staff.
581,739,LOGOUT,Consultations,2023-06-17,User 739 performed LOGOUT on Consultations.
582,642,UPDATE,Consultations,2022-01-10,User 642 performed UPDATE on Consultations.
583,281,INSERT,Appointments,2024-10-29,User 281 performed INSERT on Appointments.
584,1117,LOGOUT,AI_Diagnosis,2022-01-04,User 1117 performed LOGOUT on AI_Diagnosis.
585,926,INSERT,Appointments,2026-03-08,User 926 performed INSERT on Appointments.
586,880,INSERT,Medical_staff,2022-09-27,User 880 performed INSERT on Medical_staff.
587,137,UPDATE,Consultations,2022-01-13,User 137 performed UPDATE on Consultations.
588,70,DELETE,Notifications,2025-01-13,User 70 performed DELETE on Notifications.
589,994,LOGIN,AI_Diagnosis,2023-12-26,User 994 performed LOGIN on AI_Diagnosis.
590,296,INSERT,Patients,2022-05-04,User 296 performed INSERT on Patients.
591,1078,DELETE,Notifications,2023-10-05,User 1078 performed DELETE on Notifications.
592,614,UPDATE,Users,2025-10-19,User 614 performed UPDATE on Users.
593,679,LOGOUT,Notifications,2025-12-13,User 679 performed LOGOUT on Notifications.
594,1060,SELECT,Medical_records,2023-01-10,User 1060 performed SELECT on Medical_records.
595,339,LOGIN,Patients,2026-03-09,User 339 performed LOGIN on Patients.
596,660,DELETE,Medical_staff,2022-07-13,User 660 performed DELETE on Medical_staff.
597,943,INSERT,Patients,2023-12-13,User 943 performed INSERT on Patients.
598,784,SELECT,Appointments,2025-05-14,User 784 performed SELECT on Appointments.
599,295,LOGIN,Appointments,2025-11-30,User 295 performed LOGIN on Appointments.
600,843,LOGIN,Patients,2024-08-11,User 843 performed LOGIN on Patients.
601,19,SELECT,Medical_staff,2025-10-23,User 19 performed SELECT on Medical_staff.
602,1058,LOGOUT,AI_Diagnosis,2022-10-18,User 1058 performed LOGOUT on AI_Diagnosis.
603,493,DELETE,Appointments,2025-02-24,User 493 performed DELETE on Appointments.
604,1180,LOGOUT,Users,2022-06-19,User 1180 performed LOGOUT on Users.
605,947,DELETE,Medical_records,2022-04-22,User 947 performed DELETE on Medical_records.
606,623,SELECT,AI_Diagnosis,2022-02-17,User 623 performed SELECT on AI_Diagnosis.
607,82,DELETE,Appointments,2025-11-29,User 82 performed DELETE on Appointments.
608,15,LOGOUT,AI_Diagnosis,2024-03-11,User 15 performed LOGOUT on AI_Diagnosis.
609,266,SELECT,Appointments,2022-12-15,User 266 performed SELECT on Appointments.
610,742,DELETE,Appointments,2025-01-23,User 742 performed DELETE on Appointments.
611,323,SELECT,Medical_staff,2023-03-19,User 323 performed SELECT on Medical_staff.
612,1144,UPDATE,Medical_records,2025-11-27,User 1144 performed UPDATE on Medical_records.
613,809,UPDATE,Medical_records,2023-11-22,User 809 performed UPDATE on Medical_records.
614,120,SELECT,Appointments,2023-09-15,User 120 performed SELECT on Appointments.
615,1085,UPDATE,AI_Diagnosis,2023-04-28,User 1085 performed UPDATE on AI_Diagnosis.
616,281,UPDATE,Patients,2022-05-27,User 281 performed UPDATE on Patients.
617,533,SELECT,Medical_staff,2024-05-18,User 533 performed SELECT on Medical_staff.
618,989,DELETE,Patients,2023-05-25,User 989 performed DELETE on Patients.
619,1086,INSERT,Users,2026-02-23,User 1086 performed INSERT on Users.
620,605,INSERT,Users,2025-11-24,User 605 performed INSERT on Users.
621,339,INSERT,Appointments,2025-04-12,User 339 performed INSERT on Appointments.
622,1014,INSERT,Patients,2022-09-05,User 1014 performed INSERT on Patients.
623,41,DELETE,Medical_staff,2023-03-20,User 41 performed DELETE on Medical_staff.
624,447,INSERT,Users,2026-04-13,User 447 performed INSERT on Users.
625,89,LOGIN,Patients,2025-04-04,User 89 performed LOGIN on Patients.
626,495,DELETE,Patients,2025-09-21,User 495 performed DELETE on Patients.
627,1188,SELECT,Patients,2022-04-23,User 1188 performed SELECT on Patients.
628,1084,SELECT,Notifications,2024-10-28,User 1084 performed SELECT on Notifications.
629,598,LOGOUT,Notifications,2024-02-05,User 598 performed LOGOUT on Notifications.
630,671,LOGIN,Medical_staff,2022-11-15,User 671 performed LOGIN on Medical_staff.
631,334,DELETE,Medical_records,2024-08-09,User 334 performed DELETE on Medical_records.
632,901,SELECT,Users,2024-08-15,User 901 performed SELECT on Users.
633,688,DELETE,Notifications,2026-04-23,User 688 performed DELETE on Notifications.
634,601,DELETE,Medical_records,2025-04-05,User 601 performed DELETE on Medical_records.
635,360,SELECT,AI_Diagnosis,2023-11-30,User 360 performed SELECT on AI_Diagnosis.
636,48,INSERT,Appointments,2022-10-27,User 48 performed INSERT on Appointments.
637,737,UPDATE,Notifications,2024-06-22,User 737 performed UPDATE on Notifications.
638,640,LOGIN,Medical_staff,2022-10-09,User 640 performed LOGIN on Medical_staff.
639,384,UPDATE,Consultations,2024-05-19,User 384 performed UPDATE on Consultations.
640,790,INSERT,Users,2022-12-24,User 790 performed INSERT on Users.
641,391,LOGIN,Consultations,2023-07-17,User 391 performed LOGIN on Consultations.
642,1122,SELECT,Consultations,2025-11-12,User 1122 performed SELECT on Consultations.
643,590,UPDATE,Patients,2026-02-06,User 590 performed UPDATE on Patients.
644,456,LOGOUT,Users,2024-07-23,User 456 performed LOGOUT on Users.
645,1022,SELECT,Appointments,2022-09-04,User 1022 performed SELECT on Appointments.
646,363,DELETE,Patients,2023-08-17,User 363 performed DELETE on Patients.
647,503,LOGIN,Notifications,2025-12-27,User 503 performed LOGIN on Notifications.
648,437,SELECT,Medical_records,2026-03-26,User 437 performed SELECT on Medical_records.
649,470,INSERT,AI_Diagnosis,2023-11-24,User 470 performed INSERT on AI_Diagnosis.
650,720,UPDATE,Appointments,2026-02-06,User 720 performed UPDATE on Appointments.
651,957,UPDATE,Medical_staff,2024-09-16,User 957 performed UPDATE on Medical_staff.
652,959,LOGOUT,Notifications,2023-03-22,User 959 performed LOGOUT on Notifications.
653,128,LOGOUT,Notifications,2023-10-18,User 128 performed LOGOUT on Notifications.
654,1099,DELETE,Medical_records,2024-07-18,User 1099 performed DELETE on Medical_records.
655,883,DELETE,Medical_staff,2025-07-13,User 883 performed DELETE on Medical_staff.
656,796,LOGIN,Consultations,2023-12-09,User 796 performed LOGIN on Consultations.
657,1136,LOGIN,AI_Diagnosis,2023-03-25,User 1136 performed LOGIN on AI_Diagnosis.
658,59,LOGOUT,Appointments,2025-12-30,User 59 performed LOGOUT on Appointments.
659,1007,LOGIN,Users,2024-12-16,User 1007 performed LOGIN on Users.
660,211,DELETE,Medical_staff,2025-07-29,User 211 performed DELETE on Medical_staff.
661,260,LOGIN,Appointments,2024-04-16,User 260 performed LOGIN on Appointments.
662,1090,SELECT,Notifications,2022-08-23,User 1090 performed SELECT on Notifications.
663,44,SELECT,Users,2022-02-18,User 44 performed SELECT on Users.
664,649,SELECT,Consultations,2022-07-23,User 649 performed SELECT on Consultations.
665,711,DELETE,Users,2022-07-18,User 711 performed DELETE on Users.
666,89,SELECT,Medical_staff,2025-05-03,User 89 performed SELECT on Medical_staff.
667,1117,INSERT,Notifications,2026-03-27,User 1117 performed INSERT on Notifications.
668,781,INSERT,Consultations,2024-02-02,User 781 performed INSERT on Consultations.
669,1137,LOGIN,Patients,2022-05-12,User 1137 performed LOGIN on Patients.
670,1000,INSERT,AI_Diagnosis,2022-09-16,User 1000 performed INSERT on AI_Diagnosis.
671,935,INSERT,Consultations,2026-02-02,User 935 performed INSERT on Consultations.
672,382,SELECT,Appointments,2025-08-07,User 382 performed SELECT on Appointments.
673,240,DELETE,Notifications,2022-12-12,User 240 performed DELETE on Notifications.
674,535,UPDATE,Patients,2024-03-10,User 535 performed UPDATE on Patients.
675,100,DELETE,Consultations,2022-07-17,User 100 performed DELETE on Consultations.
676,827,LOGIN,AI_Diagnosis,2024-05-04,User 827 performed LOGIN on AI_Diagnosis.
677,22,DELETE,Medical_staff,2023-05-21,User 22 performed DELETE on Medical_staff.
678,684,UPDATE,Notifications,2025-02-03,User 684 performed UPDATE on Notifications.
679,257,LOGOUT,Consultations,2025-05-23,User 257 performed LOGOUT on Consultations.
680,610,LOGOUT,AI_Diagnosis,2022-06-21,User 610 performed LOGOUT on AI_Diagnosis.
681,1192,LOGOUT,Patients,2025-11-19,User 1192 performed LOGOUT on Patients.
682,269,LOGOUT,Appointments,2022-12-21,User 269 performed LOGOUT on Appointments.
683,1018,LOGOUT,Consultations,2022-03-07,User 1018 performed LOGOUT on Consultations.
684,971,UPDATE,Medical_records,2023-11-28,User 971 performed UPDATE on Medical_records.
685,926,DELETE,Medical_records,2022-09-04,User 926 performed DELETE on Medical_records.
686,371,UPDATE,Patients,2023-02-20,User 371 performed UPDATE on Patients.
687,613,LOGIN,Patients,2023-10-27,User 613 performed LOGIN on Patients.
688,840,LOGOUT,Medical_staff,2023-02-23,User 840 performed LOGOUT on Medical_staff.
689,168,SELECT,Medical_records,2026-05-07,User 168 performed SELECT on Medical_records.
690,162,LOGOUT,Patients,2025-08-16,User 162 performed LOGOUT on Patients.
691,574,SELECT,Appointments,2026-04-28,User 574 performed SELECT on Appointments.
692,137,INSERT,Notifications,2026-04-10,User 137 performed INSERT on Notifications.
693,932,INSERT,Consultations,2025-03-05,User 932 performed INSERT on Consultations.
694,1101,SELECT,Appointments,2023-12-18,User 1101 performed SELECT on Appointments.
695,41,LOGOUT,Users,2023-09-09,User 41 performed LOGOUT on Users.
696,605,DELETE,Appointments,2022-08-12,User 605 performed DELETE on Appointments.
697,1121,INSERT,Appointments,2022-07-14,User 1121 performed INSERT on Appointments.
698,305,DELETE,Medical_staff,2024-06-26,User 305 performed DELETE on Medical_staff.
699,8,LOGIN,AI_Diagnosis,2023-01-31,User 8 performed LOGIN on AI_Diagnosis.
700,525,INSERT,Appointments,2024-01-03,User 525 performed INSERT on Appointments.
701,44,DELETE,Medical_staff,2025-11-19,User 44 performed DELETE on Medical_staff.
702,13,SELECT,Notifications,2023-06-05,User 13 performed SELECT on Notifications.
703,989,INSERT,Notifications,2025-11-17,User 989 performed INSERT on Notifications.
704,267,LOGOUT,Medical_staff,2023-01-28,User 267 performed LOGOUT on Medical_staff.
705,838,LOGIN,Consultations,2023-01-24,User 838 performed LOGIN on Consultations.
706,181,DELETE,Users,2023-04-25,User 181 performed DELETE on Users.
707,577,LOGIN,Patients,2024-08-17,User 577 performed LOGIN on Patients.
708,274,INSERT,AI_Diagnosis,2026-04-15,User 274 performed INSERT on AI_Diagnosis.
709,1090,DELETE,Users,2025-09-26,User 1090 performed DELETE on Users.
710,1061,DELETE,Users,2025-01-02,User 1061 performed DELETE on Users.
711,618,INSERT,Medical_records,2022-09-28,User 618 performed INSERT on Medical_records.
712,331,SELECT,AI_Diagnosis,2024-02-15,User 331 performed SELECT on AI_Diagnosis.
713,12,UPDATE,Consultations,2025-02-08,User 12 performed UPDATE on Consultations.
714,112,SELECT,Notifications,2024-09-20,User 112 performed SELECT on Notifications.
715,260,DELETE,Medical_records,2024-07-07,User 260 performed DELETE on Medical_records.
716,394,LOGOUT,Medical_staff,2023-06-06,User 394 performed LOGOUT on Medical_staff.
717,556,DELETE,Consultations,2025-12-29,User 556 performed DELETE on Consultations.
718,79,SELECT,AI_Diagnosis,2024-09-28,User 79 performed SELECT on AI_Diagnosis.
719,609,LOGOUT,Medical_records,2022-05-14,User 609 performed LOGOUT on Medical_records.
720,16,LOGIN,Appointments,2022-01-31,User 16 performed LOGIN on Appointments.
721,852,UPDATE,Medical_staff,2023-08-28,User 852 performed UPDATE on Medical_staff.
722,410,LOGOUT,AI_Diagnosis,2022-07-30,User 410 performed LOGOUT on AI_Diagnosis.
723,40,LOGOUT,Medical_staff,2022-12-09,User 40 performed LOGOUT on Medical_staff.
724,680,SELECT,Users,2023-07-07,User 680 performed SELECT on Users.
725,380,UPDATE,AI_Diagnosis,2023-05-04,User 380 performed UPDATE on AI_Diagnosis.
726,692,UPDATE,Medical_staff,2025-03-04,User 692 performed UPDATE on Medical_staff.
727,935,UPDATE,Medical_staff,2024-12-04,User 935 performed UPDATE on Medical_staff.
728,859,LOGIN,Appointments,2022-12-06,User 859 performed LOGIN on Appointments.
729,331,DELETE,Appointments,2023-11-21,User 331 performed DELETE on Appointments.
730,54,UPDATE,Medical_records,2024-07-05,User 54 performed UPDATE on Medical_records.
731,914,DELETE,Notifications,2025-08-03,User 914 performed DELETE on Notifications.
732,1187,INSERT,Appointments,2023-04-17,User 1187 performed INSERT on Appointments.
733,1061,DELETE,AI_Diagnosis,2022-08-15,User 1061 performed DELETE on AI_Diagnosis.
734,450,SELECT,Patients,2023-11-27,User 450 performed SELECT on Patients.
735,1082,SELECT,AI_Diagnosis,2026-01-31,User 1082 performed SELECT on AI_Diagnosis.
736,687,UPDATE,Medical_records,2023-01-09,User 687 performed UPDATE on Medical_records.
737,169,LOGOUT,Medical_records,2026-01-21,User 169 performed LOGOUT on Medical_records.
738,93,INSERT,Medical_staff,2022-01-26,User 93 performed INSERT on Medical_staff.
739,308,UPDATE,Medical_staff,2022-09-30,User 308 performed UPDATE on Medical_staff.
740,97,UPDATE,Appointments,2025-10-20,User 97 performed UPDATE on Appointments.
741,1117,SELECT,Appointments,2025-02-06,User 1117 performed SELECT on Appointments.
742,618,DELETE,Appointments,2024-01-06,User 618 performed DELETE on Appointments.
743,68,INSERT,Medical_records,2022-07-18,User 68 performed INSERT on Medical_records.
744,643,LOGOUT,Notifications,2023-05-07,User 643 performed LOGOUT on Notifications.
745,1113,UPDATE,Notifications,2024-02-13,User 1113 performed UPDATE on Notifications.
746,851,LOGIN,Medical_staff,2025-08-03,User 851 performed LOGIN on Medical_staff.
747,387,SELECT,Users,2024-11-05,User 387 performed SELECT on Users.
748,769,LOGOUT,Medical_staff,2025-06-16,User 769 performed LOGOUT on Medical_staff.
749,146,LOGIN,AI_Diagnosis,2025-01-15,User 146 performed LOGIN on AI_Diagnosis.
750,658,LOGOUT,Consultations,2023-03-27,User 658 performed LOGOUT on Consultations.
751,635,DELETE,Users,2026-01-26,User 635 performed DELETE on Users.
752,657,UPDATE,Medical_records,2025-05-06,User 657 performed UPDATE on Medical_records.
753,799,SELECT,AI_Diagnosis,2023-01-24,User 799 performed SELECT on AI_Diagnosis.
754,1007,DELETE,Medical_staff,2022-11-16,User 1007 performed DELETE on Medical_staff.
755,1110,UPDATE,Consultations,2024-10-28,User 1110 performed UPDATE on Consultations.
756,1114,LOGIN,Notifications,2022-08-11,User 1114 performed LOGIN on Notifications.
757,815,SELECT,Notifications,2023-04-16,User 815 performed SELECT on Notifications.
758,500,DELETE,Medical_records,2024-11-14,User 500 performed DELETE on Medical_records.
759,72,LOGIN,Consultations,2022-07-19,User 72 performed LOGIN on Consultations.
760,695,DELETE,Consultations,2024-02-16,User 695 performed DELETE on Consultations.
761,1046,UPDATE,Medical_staff,2025-05-25,User 1046 performed UPDATE on Medical_staff.
762,952,SELECT,Patients,2026-03-29,User 952 performed SELECT on Patients.
763,730,LOGOUT,Medical_staff,2025-09-27,User 730 performed LOGOUT on Medical_staff.
764,1176,INSERT,Consultations,2025-10-13,User 1176 performed INSERT on Consultations.
765,534,INSERT,Notifications,2024-01-31,User 534 performed INSERT on Notifications.
766,554,SELECT,Notifications,2023-12-25,User 554 performed SELECT on Notifications.
767,196,UPDATE,Notifications,2024-09-15,User 196 performed UPDATE on Notifications.
768,561,LOGIN,Patients,2024-07-27,User 561 performed LOGIN on Patients.
769,731,UPDATE,Users,2022-07-27,User 731 performed UPDATE on Users.
770,411,LOGIN,Appointments,2023-06-18,User 411 performed LOGIN on Appointments.
771,749,SELECT,Medical_records,2025-03-03,User 749 performed SELECT on Medical_records.
772,443,UPDATE,Medical_staff,2025-09-27,User 443 performed UPDATE on Medical_staff.
773,667,SELECT,Users,2022-08-11,User 667 performed SELECT on Users.
774,686,LOGOUT,Medical_records,2022-11-14,User 686 performed LOGOUT on Medical_records.
775,438,INSERT,Medical_staff,2024-09-24,User 438 performed INSERT on Medical_staff.
776,822,INSERT,Users,2025-03-08,User 822 performed INSERT on Users.
777,875,SELECT,Notifications,2026-02-23,User 875 performed SELECT on Notifications.
778,746,LOGOUT,Notifications,2022-06-21,User 746 performed LOGOUT on Notifications.
779,344,DELETE,Appointments,2023-04-17,User 344 performed DELETE on Appointments.
780,612,DELETE,Consultations,2023-10-02,User 612 performed DELETE on Consultations.
781,783,SELECT,Notifications,2025-04-05,User 783 performed SELECT on Notifications.
782,420,LOGIN,Medical_records,2024-02-01,User 420 performed LOGIN on Medical_records.
783,338,LOGIN,Consultations,2023-08-10,User 338 performed LOGIN on Consultations.
784,459,SELECT,Appointments,2026-03-24,User 459 performed SELECT on Appointments.
785,694,LOGOUT,Medical_records,2025-06-09,User 694 performed LOGOUT on Medical_records.
786,98,LOGIN,Appointments,2022-06-22,User 98 performed LOGIN on Appointments.
787,165,LOGOUT,Notifications,2025-11-10,User 165 performed LOGOUT on Notifications.
788,1055,SELECT,AI_Diagnosis,2025-11-13,User 1055 performed SELECT on AI_Diagnosis.
789,541,DELETE,AI_Diagnosis,2024-12-09,User 541 performed DELETE on AI_Diagnosis.
790,895,LOGIN,AI_Diagnosis,2023-02-13,User 895 performed LOGIN on AI_Diagnosis.
791,269,INSERT,AI_Diagnosis,2022-05-10,User 269 performed INSERT on AI_Diagnosis.
792,1090,INSERT,Consultations,2024-04-07,User 1090 performed INSERT on Consultations.
793,519,DELETE,Consultations,2025-09-20,User 519 performed DELETE on Consultations.
794,1124,UPDATE,Notifications,2026-03-22,User 1124 performed UPDATE on Notifications.
795,1021,LOGOUT,Consultations,2024-10-29,User 1021 performed LOGOUT on Consultations.
796,957,LOGOUT,Patients,2026-01-01,User 957 performed LOGOUT on Patients.
797,234,DELETE,Appointments,2026-01-14,User 234 performed DELETE on Appointments.
798,1171,LOGIN,AI_Diagnosis,2023-07-04,User 1171 performed LOGIN on AI_Diagnosis.
799,43,DELETE,Medical_staff,2022-06-08,User 43 performed DELETE on Medical_staff.
800,1184,INSERT,Medical_staff,2026-01-10,User 1184 performed INSERT on Medical_staff.
801,1095,LOGOUT,Users,2025-09-06,User 1095 performed LOGOUT on Users.
802,249,INSERT,AI_Diagnosis,2023-08-15,User 249 performed INSERT on AI_Diagnosis.
803,346,SELECT,Consultations,2023-09-30,User 346 performed SELECT on Consultations.
804,269,UPDATE,AI_Diagnosis,2023-09-28,User 269 performed UPDATE on AI_Diagnosis.
805,59,DELETE,Users,2022-06-17,User 59 performed DELETE on Users.
806,344,UPDATE,Users,2024-10-23,User 344 performed UPDATE on Users.
807,1159,LOGOUT,Appointments,2025-08-23,User 1159 performed LOGOUT on Appointments.
808,943,INSERT,Consultations,2022-04-12,User 943 performed INSERT on Consultations.
809,484,DELETE,AI_Diagnosis,2025-10-31,User 484 performed DELETE on AI_Diagnosis.
810,566,UPDATE,Consultations,2025-02-13,User 566 performed UPDATE on Consultations.
811,1161,INSERT,Patients,2022-03-02,User 1161 performed INSERT on Patients.
812,638,LOGOUT,Medical_records,2023-06-07,User 638 performed LOGOUT on Medical_records.
813,824,INSERT,Consultations,2022-11-05,User 824 performed INSERT on Consultations.
814,1111,LOGOUT,Users,2023-06-16,User 1111 performed LOGOUT on Users.
815,1167,LOGIN,AI_Diagnosis,2023-01-01,User 1167 performed LOGIN on AI_Diagnosis.
816,820,UPDATE,Consultations,2025-08-28,User 820 performed UPDATE on Consultations.
817,686,INSERT,Consultations,2022-01-17,User 686 performed INSERT on Consultations.
818,1134,SELECT,Notifications,2024-06-24,User 1134 performed SELECT on Notifications.
819,109,DELETE,Medical_records,2026-02-19,User 109 performed DELETE on Medical_records.
820,1185,DELETE,AI_Diagnosis,2025-05-11,User 1185 performed DELETE on AI_Diagnosis.
821,38,UPDATE,Users,2023-07-25,User 38 performed UPDATE on Users.
822,95,SELECT,Medical_staff,2022-11-03,User 95 performed SELECT on Medical_staff.
823,1082,UPDATE,Appointments,2024-01-08,User 1082 performed UPDATE on Appointments.
824,1165,LOGIN,Medical_staff,2024-12-27,User 1165 performed LOGIN on Medical_staff.
825,1030,SELECT,Notifications,2025-06-29,User 1030 performed SELECT on Notifications.
826,162,LOGIN,Notifications,2023-08-02,User 162 performed LOGIN on Notifications.
827,1062,LOGOUT,Medical_staff,2022-06-05,User 1062 performed LOGOUT on Medical_staff.
828,360,INSERT,Medical_records,2023-05-03,User 360 performed INSERT on Medical_records.
829,577,LOGIN,Notifications,2022-03-13,User 577 performed LOGIN on Notifications.
830,718,LOGIN,Appointments,2026-03-31,User 718 performed LOGIN on Appointments.
831,1024,INSERT,Notifications,2022-10-27,User 1024 performed INSERT on Notifications.
832,950,UPDATE,Appointments,2023-11-16,User 950 performed UPDATE on Appointments.
833,286,SELECT,Medical_staff,2025-12-29,User 286 performed SELECT on Medical_staff.
834,430,SELECT,Consultations,2022-08-16,User 430 performed SELECT on Consultations.
835,504,LOGIN,AI_Diagnosis,2022-04-29,User 504 performed LOGIN on AI_Diagnosis.
836,657,SELECT,Consultations,2024-06-04,User 657 performed SELECT on Consultations.
837,332,LOGIN,Medical_staff,2024-10-15,User 332 performed LOGIN on Medical_staff.
838,766,DELETE,AI_Diagnosis,2022-04-02,User 766 performed DELETE on AI_Diagnosis.
839,108,LOGIN,Notifications,2023-06-07,User 108 performed LOGIN on Notifications.
840,844,INSERT,Medical_staff,2024-02-08,User 844 performed INSERT on Medical_staff.
841,1175,LOGIN,Medical_staff,2024-11-19,User 1175 performed LOGIN on Medical_staff.
842,502,LOGIN,Users,2024-04-09,User 502 performed LOGIN on Users.
843,91,INSERT,Notifications,2024-05-15,User 91 performed INSERT on Notifications.
844,1031,DELETE,Notifications,2024-07-19,User 1031 performed DELETE on Notifications.
845,901,LOGIN,Users,2023-04-18,User 901 performed LOGIN on Users.
846,281,DELETE,AI_Diagnosis,2026-04-19,User 281 performed DELETE on AI_Diagnosis.
847,689,UPDATE,Appointments,2022-03-26,User 689 performed UPDATE on Appointments.
848,465,LOGOUT,Notifications,2022-06-05,User 465 performed LOGOUT on Notifications.
849,1169,LOGIN,Appointments,2022-09-15,User 1169 performed LOGIN on Appointments.
850,775,LOGOUT,Patients,2023-05-23,User 775 performed LOGOUT on Patients.
851,1110,LOGOUT,Notifications,2022-08-17,User 1110 performed LOGOUT on Notifications.
852,761,LOGOUT,AI_Diagnosis,2025-08-08,User 761 performed LOGOUT on AI_Diagnosis.
853,585,UPDATE,Appointments,2024-03-15,User 585 performed UPDATE on Appointments.
854,1096,UPDATE,AI_Diagnosis,2026-02-17,User 1096 performed UPDATE on AI_Diagnosis.
855,1075,INSERT,Appointments,2024-07-14,User 1075 performed INSERT on Appointments.
856,163,SELECT,Consultations,2025-01-31,User 163 performed SELECT on Consultations.
857,888,DELETE,Patients,2024-07-23,User 888 performed DELETE on Patients.
858,584,SELECT,Consultations,2025-11-14,User 584 performed SELECT on Consultations.
859,301,INSERT,Medical_staff,2024-04-27,User 301 performed INSERT on Medical_staff.
860,692,DELETE,Users,2024-02-13,User 692 performed DELETE on Users.
861,651,SELECT,Notifications,2023-03-29,User 651 performed SELECT on Notifications.
862,790,LOGOUT,Appointments,2024-03-11,User 790 performed LOGOUT on Appointments.
863,400,LOGOUT,Consultations,2023-03-04,User 400 performed LOGOUT on Consultations.
864,293,LOGOUT,Medical_records,2022-12-27,User 293 performed LOGOUT on Medical_records.
865,432,INSERT,Medical_staff,2026-03-28,User 432 performed INSERT on Medical_staff.
866,375,INSERT,Patients,2023-04-18,User 375 performed INSERT on Patients.
867,1008,LOGIN,Medical_records,2022-03-04,User 1008 performed LOGIN on Medical_records.
868,619,LOGOUT,AI_Diagnosis,2025-02-26,User 619 performed LOGOUT on AI_Diagnosis.
869,441,SELECT,Patients,2026-03-30,User 441 performed SELECT on Patients.
870,190,UPDATE,Appointments,2023-02-16,User 190 performed UPDATE on Appointments.
871,687,SELECT,Appointments,2026-02-24,User 687 performed SELECT on Appointments.
872,1013,LOGOUT,AI_Diagnosis,2025-12-21,User 1013 performed LOGOUT on AI_Diagnosis.
873,711,LOGIN,Patients,2022-06-15,User 711 performed LOGIN on Patients.
874,367,LOGIN,Medical_records,2025-04-22,User 367 performed LOGIN on Medical_records.
875,266,LOGIN,Medical_records,2022-02-19,User 266 performed LOGIN on Medical_records.
876,140,UPDATE,Appointments,2024-06-28,User 140 performed UPDATE on Appointments.
877,30,LOGOUT,Medical_staff,2023-10-20,User 30 performed LOGOUT on Medical_staff.
878,972,DELETE,Patients,2025-09-17,User 972 performed DELETE on Patients.
879,1132,DELETE,Patients,2026-01-22,User 1132 performed DELETE on Patients.
880,968,LOGOUT,Medical_staff,2025-05-17,User 968 performed LOGOUT on Medical_staff.
881,161,INSERT,Appointments,2025-05-21,User 161 performed INSERT on Appointments.
882,319,LOGIN,Medical_records,2023-02-07,User 319 performed LOGIN on Medical_records.
883,843,LOGIN,Notifications,2026-03-14,User 843 performed LOGIN on Notifications.
884,640,LOGIN,Appointments,2025-01-23,User 640 performed LOGIN on Appointments.
885,303,SELECT,Appointments,2022-06-29,User 303 performed SELECT on Appointments.
886,489,LOGIN,Patients,2025-11-09,User 489 performed LOGIN on Patients.
887,40,LOGOUT,Appointments,2023-05-27,User 40 performed LOGOUT on Appointments.
888,1152,UPDATE,Appointments,2024-06-07,User 1152 performed UPDATE on Appointments.
889,934,LOGOUT,Appointments,2025-12-10,User 934 performed LOGOUT on Appointments.
890,829,INSERT,Medical_staff,2026-01-13,User 829 performed INSERT on Medical_staff.
891,128,DELETE,AI_Diagnosis,2025-10-10,User 128 performed DELETE on AI_Diagnosis.
892,848,INSERT,Medical_staff,2024-01-18,User 848 performed INSERT on Medical_staff.
893,862,INSERT,Users,2025-01-02,User 862 performed INSERT on Users.
894,221,LOGIN,Consultations,2025-08-14,User 221 performed LOGIN on Consultations.
895,154,INSERT,Notifications,2025-12-03,User 154 performed INSERT on Notifications.
896,591,LOGOUT,Medical_records,2025-03-30,User 591 performed LOGOUT on Medical_records.
897,378,UPDATE,Appointments,2022-05-11,User 378 performed UPDATE on Appointments.
898,1005,LOGOUT,Users,2026-01-01,User 1005 performed LOGOUT on Users.
899,1071,LOGIN,Appointments,2025-08-12,User 1071 performed LOGIN on Appointments.
900,302,INSERT,Consultations,2022-03-21,User 302 performed INSERT on Consultations.
901,1146,LOGIN,Consultations,2022-01-15,User 1146 performed LOGIN on Consultations.
902,985,UPDATE,Appointments,2022-10-30,User 985 performed UPDATE on Appointments.
903,291,LOGOUT,AI_Diagnosis,2023-09-07,User 291 performed LOGOUT on AI_Diagnosis.
904,901,LOGIN,Appointments,2022-03-12,User 901 performed LOGIN on Appointments.
905,186,LOGIN,Medical_staff,2023-07-02,User 186 performed LOGIN on Medical_staff.
906,254,INSERT,Appointments,2023-09-21,User 254 performed INSERT on Appointments.
907,552,DELETE,Medical_records,2023-11-26,User 552 performed DELETE on Medical_records.
908,509,SELECT,Medical_staff,2022-10-11,User 509 performed SELECT on Medical_staff.
909,547,LOGIN,Medical_staff,2022-07-08,User 547 performed LOGIN on Medical_staff.
910,1016,LOGIN,Users,2025-01-29,User 1016 performed LOGIN on Users.
911,539,SELECT,AI_Diagnosis,2022-03-30,User 539 performed SELECT on AI_Diagnosis.
912,319,UPDATE,Medical_records,2024-11-04,User 319 performed UPDATE on Medical_records.
913,389,INSERT,Patients,2025-05-19,User 389 performed INSERT on Patients.
914,135,DELETE,AI_Diagnosis,2022-05-21,User 135 performed DELETE on AI_Diagnosis.
915,192,INSERT,Medical_staff,2025-08-06,User 192 performed INSERT on Medical_staff.
916,492,LOGOUT,AI_Diagnosis,2026-04-25,User 492 performed LOGOUT on AI_Diagnosis.
917,1184,LOGOUT,Medical_records,2023-05-07,User 1184 performed LOGOUT on Medical_records.
918,636,INSERT,Patients,2025-10-03,User 636 performed INSERT on Patients.
919,313,DELETE,Medical_records,2023-12-15,User 313 performed DELETE on Medical_records.
920,95,DELETE,Notifications,2023-02-21,User 95 performed DELETE on Notifications.
921,218,INSERT,Notifications,2026-04-11,User 218 performed INSERT on Notifications.
922,323,SELECT,Medical_staff,2023-07-31,User 323 performed SELECT on Medical_staff.
923,136,LOGIN,AI_Diagnosis,2024-08-16,User 136 performed LOGIN on AI_Diagnosis.
924,885,LOGOUT,Notifications,2022-06-29,User 885 performed LOGOUT on Notifications.
925,961,SELECT,AI_Diagnosis,2025-12-08,User 961 performed SELECT on AI_Diagnosis.
926,383,LOGIN,Notifications,2022-09-14,User 383 performed LOGIN on Notifications.
927,41,DELETE,Medical_records,2026-04-23,User 41 performed DELETE on Medical_records.
928,1009,DELETE,Consultations,2022-04-29,User 1009 performed DELETE on Consultations.
929,192,LOGOUT,Medical_staff,2022-05-10,User 192 performed LOGOUT on Medical_staff.
930,97,LOGOUT,Patients,2024-12-15,User 97 performed LOGOUT on Patients.
931,308,DELETE,Medical_records,2023-03-10,User 308 performed DELETE on Medical_records.
932,97,SELECT,Users,2022-07-18,User 97 performed SELECT on Users.
933,238,SELECT,Notifications,2025-02-15,User 238 performed SELECT on Notifications.
934,330,DELETE,Consultations,2023-10-18,User 330 performed DELETE on Consultations.
935,312,LOGIN,Patients,2022-03-28,User 312 performed LOGIN on Patients.
936,635,LOGIN,Notifications,2022-02-20,User 635 performed LOGIN on Notifications.
937,747,DELETE,Notifications,2025-02-28,User 747 performed DELETE on Notifications.
938,50,DELETE,Patients,2024-11-02,User 50 performed DELETE on Patients.
939,616,LOGOUT,Users,2025-09-09,User 616 performed LOGOUT on Users.
940,179,SELECT,Patients,2023-06-15,User 179 performed SELECT on Patients.
941,258,INSERT,Medical_staff,2024-09-08,User 258 performed INSERT on Medical_staff.
942,432,INSERT,AI_Diagnosis,2025-02-18,User 432 performed INSERT on AI_Diagnosis.
943,1113,SELECT,Users,2022-09-17,User 1113 performed SELECT on Users.
944,792,UPDATE,Medical_records,2022-12-05,User 792 performed UPDATE on Medical_records.
945,1070,DELETE,Medical_staff,2022-08-25,User 1070 performed DELETE on Medical_staff.
946,478,UPDATE,Appointments,2023-10-21,User 478 performed UPDATE on Appointments.
947,1131,LOGOUT,Patients,2022-12-25,User 1131 performed LOGOUT on Patients.
948,152,INSERT,Appointments,2024-09-10,User 152 performed INSERT on Appointments.
949,977,INSERT,Patients,2022-10-18,User 977 performed INSERT on Patients.
950,489,UPDATE,Users,2025-01-16,User 489 performed UPDATE on Users.
951,286,UPDATE,Users,2022-02-18,User 286 performed UPDATE on Users.
952,895,UPDATE,AI_Diagnosis,2023-09-28,User 895 performed UPDATE on AI_Diagnosis.
953,170,LOGOUT,Users,2024-08-27,User 170 performed LOGOUT on Users.
954,110,LOGIN,Appointments,2022-12-09,User 110 performed LOGIN on Appointments.
955,1040,SELECT,Patients,2023-06-25,User 1040 performed SELECT on Patients.
956,197,SELECT,Consultations,2023-10-01,User 197 performed SELECT on Consultations.
957,461,DELETE,Medical_staff,2023-03-27,User 461 performed DELETE on Medical_staff.
958,624,LOGIN,Consultations,2026-01-04,User 624 performed LOGIN on Consultations.
959,1031,LOGIN,Medical_records,2023-09-22,User 1031 performed LOGIN on Medical_records.
960,709,LOGOUT,Users,2024-07-15,User 709 performed LOGOUT on Users.
961,587,LOGOUT,Notifications,2025-07-06,User 587 performed LOGOUT on Notifications.
962,605,LOGOUT,Appointments,2023-02-06,User 605 performed LOGOUT on Appointments.
963,473,INSERT,Medical_staff,2022-02-02,User 473 performed INSERT on Medical_staff.
964,445,INSERT,Users,2025-01-26,User 445 performed INSERT on Users.
965,167,LOGIN,Consultations,2024-01-08,User 167 performed LOGIN on Consultations.
966,1052,DELETE,Appointments,2023-12-04,User 1052 performed DELETE on Appointments.
967,7,SELECT,Medical_records,2025-05-18,User 7 performed SELECT on Medical_records.
968,312,DELETE,Patients,2026-02-11,User 312 performed DELETE on Patients.
969,566,LOGIN,Consultations,2025-03-12,User 566 performed LOGIN on Consultations.
970,516,UPDATE,AI_Diagnosis,2023-02-06,User 516 performed UPDATE on AI_Diagnosis.
971,488,UPDATE,Consultations,2022-12-27,User 488 performed UPDATE on Consultations.
972,420,LOGOUT,Notifications,2026-02-26,User 420 performed LOGOUT on Notifications.
973,723,DELETE,Notifications,2026-05-08,User 723 performed DELETE on Notifications.
974,1130,DELETE,Patients,2022-11-17,User 1130 performed DELETE on Patients.
975,281,INSERT,Patients,2024-02-06,User 281 performed INSERT on Patients.
976,390,LOGIN,Medical_staff,2026-03-28,User 390 performed LOGIN on Medical_staff.
977,1016,LOGOUT,Medical_records,2024-07-10,User 1016 performed LOGOUT on Medical_records.
978,757,INSERT,Appointments,2023-01-13,User 757 performed INSERT on Appointments.
979,574,SELECT,Users,2022-06-05,User 574 performed SELECT on Users.
980,1119,UPDATE,Users,2025-05-01,User 1119 performed UPDATE on Users.
981,204,DELETE,Notifications,2022-08-21,User 204 performed DELETE on Notifications.
982,343,INSERT,Consultations,2026-02-04,User 343 performed INSERT on Consultations.
983,544,INSERT,AI_Diagnosis,2025-04-22,User 544 performed INSERT on AI_Diagnosis.
984,1038,UPDATE,Medical_staff,2022-02-07,User 1038 performed UPDATE on Medical_staff.
985,12,SELECT,AI_Diagnosis,2022-06-04,User 12 performed SELECT on AI_Diagnosis.
986,863,LOGOUT,Patients,2022-07-24,User 863 performed LOGOUT on Patients.
987,64,LOGIN,Appointments,2026-05-08,User 64 performed LOGIN on Appointments.
988,225,SELECT,Appointments,2023-09-25,User 225 performed SELECT on Appointments.
989,1157,SELECT,Appointments,2022-12-25,User 1157 performed SELECT on Appointments.
990,196,DELETE,Users,2023-03-30,User 196 performed DELETE on Users.
991,494,LOGIN,AI_Diagnosis,2023-10-19,User 494 performed LOGIN on AI_Diagnosis.
992,414,INSERT,AI_Diagnosis,2023-11-02,User 414 performed INSERT on AI_Diagnosis.
993,269,LOGIN,Notifications,2022-07-24,User 269 performed LOGIN on Notifications.
994,379,LOGOUT,Medical_records,2023-06-08,User 379 performed LOGOUT on Medical_records.
995,48,LOGOUT,Patients,2022-03-09,User 48 performed LOGOUT on Patients.
996,276,DELETE,Appointments,2024-10-08,User 276 performed DELETE on Appointments.
997,685,LOGIN,Consultations,2024-12-27,User 685 performed LOGIN on Consultations.
998,467,DELETE,Patients,2025-08-01,User 467 performed DELETE on Patients.
999,93,UPDATE,Medical_records,2025-02-22,User 93 performed UPDATE on Medical_records.
1000,969,LOGOUT,Medical_staff,2022-01-27,User 969 performed LOGOUT on Medical_staff.
